Date,Australian Equities,Developed Market Equities,Emerging Market Equities,Australian Listed Property,Hedge Funds,Australian Fixed Interest,Global Fixed Interest,Cash (Bank bills)
31/01/2001,0.043197727,0.026029918,0.13824,-0.013857675,0.009438455,0.015003376,0.013451166,0.005364174
28/02/2001,-0.001874274,-0.078678279,-0.067859151,-0.005185803,-0.005876045,0.006675435,0.009209967,0.004694953
30/03/2001,-0.048465843,-0.04786838,-0.078171536,-0.038573256,-0.00336526,0.00593854,0.007002448,0.004820989
30/04/2001,0.058545313,0.069750449,0.047287487,0.01477332,0.006883117,-0.009661201,-0.004339228,0.004350195
31/05/2001,0.0171577,-0.007102115,0.022620105,-0.003951904,0.008254869,-0.003771417,0.006273552,0.004049692
29/06/2001,0.037768817,-0.025401501,-0.01735594,0.054985722,0.005841968,0.000679902,0.005666802,0.004008956
31/07/2001,-0.047444396,-0.021280574,-0.053026329,0.000387885,-0.000211972,0.004161462,0.015720863,0.004220847
31/08/2001,-0.009580787,-0.062263758,-0.006771175,0.04841619,0.00915914,0.026625247,0.010089676,0.004432026
28/09/2001,-0.065703688,-0.088998934,-0.133723092,-0.002074255,-0.008319677,0.011419258,0.009421446,0.004286952
31/10/2001,0.067653997,0.025292818,0.06457921,0.002368599,0.004406593,0.016334505,0.019307212,0.003786275
30/11/2001,0.03314295,0.062491282,0.101151408,-0.006614799,0.005399705,-0.010699632,-0.006498498,0.003570803
31/12/2001,0.026496963,0.010930586,0.094829778,0.032598406,0.011916251,-0.008785866,-0.005052362,0.003622849
31/01/2002,0.0129006,-0.019522389,0.040330373,0.000642512,0.005390389,0.000473014,0.006674345,0.003565147
28/02/2002,-0.01112897,-0.01004278,0.018485939,-0.021619971,-0.005608941,0.005765341,0.007239056,0.003293255
29/03/2002,0.006495763,0.039896125,0.05609091,0.010788747,0.007382523,-0.008594409,-0.008189394,0.003482951
30/04/2002,-0.018015751,-0.045864587,-0.002548902,0.00661161,0.007945984,0.014437893,0.015535947,0.00377737
31/05/2002,0.008467052,-0.010922376,-0.02914173,0.010312441,0.006739645,-0.002704817,0.006729489,0.003704183
28/06/2002,-0.041932549,-0.077354391,-0.064568401,-0.006524498,-0.008439161,0.012692511,0.012879341,0.003895965
31/07/2002,-0.040227936,-0.084373535,-0.065221576,-0.020407364,-0.013462089,0.010319922,0.013306046,0.00438355
30/08/2002,0.016250289,0.001641521,0.012638618,0.008272199,0.008461219,0.010429411,0.016740419,0.004132073
30/09/2002,-0.041572615,-0.110473827,-0.081653401,0.005125723,0.000781443,0.016869618,0.016077426,0.004132011
31/10/2002,0.026770989,0.073984206,0.048384206,0.008888749,-0.000410965,0.001893352,5.48749E-06,0.004171683
29/11/2002,0.011243896,0.053490183,0.052969809,0.030758276,0.010936151,0.001246966,0.003755733,0.00398955
31/12/2002,-0.015947646,-0.064238273,-0.046904996,0.005442786,0.010655171,0.022358513,0.019618501,0.004134343
31/01/2003,-0.01640625,-0.036528421,-0.005842269,0.001238194,0.012756026,0.004079798,0.007300994,0.00405849
28/02/2003,-0.04922574,-0.016342548,-0.02892941,-0.035335369,0.006754609,0.009674888,0.012590282,0.003686177
31/03/2003,0.039236399,-0.005404163,-0.029137299,0.049566556,0.002604783,-0.004432497,0.001931143,0.003990941
30/04/2003,0.043103047,0.082659006,0.049385224,0.023475088,0.019563848,0.005511759,0.008161716,0.003915458
30/05/2003,0.003713116,0.04237822,0.08177363,0.036209632,0.027141809,0.016025109,0.019484648,0.004067307
30/06/2003,0.012354531,0.020972353,0.042891453,-0.030372618,0.008307022,7.39581E-05,-0.000271082,0.003912906
31/07/2003,0.03266245,0.028492958,0.062341392,0.008901089,0.00082013,-0.008750744,-0.018497726,0.003920909
29/08/2003,0.029929834,0.024351804,0.066937568,0.00037329,0.007598614,-0.000201945,0.002546633,0.004000761
30/09/2003,-0.001396722,-0.015557695,-0.010708651,-0.02739785,0.015156556,0.006675991,0.019985935,0.00396718
31/10/2003,0.03354402,0.054291168,0.089415441,0.024760949,0.013764976,-0.011028797,-0.005820194,0.004080674
28/11/2003,-0.020218706,0.006509033,0.009544299,0.017366011,0.010776249,-0.004652906,0.00457687,0.003842478
31/12/2003,0.037630617,0.044965944,0.069195562,0.019836664,0.019545826,0.017541613,0.012679584,0.004479946
30/01/2004,-0.007908069,0.01690433,0.037122271,-0.001589097,0.01704486,-0.001879041,0.009356137,0.004573578
27/02/2004,0.031261676,0.017777944,0.038217191,0.0313182,0.013983138,0.012793324,0.013645372,0.004410372
31/03/2004,0.023204875,-0.009000412,-0.001914624,0.033514395,0.002839181,0.009273247,0.008671885,0.004773109
30/04/2004,-0.003921947,-0.003869578,-0.057944044,-0.023702863,-0.005830806,-0.009258925,-0.012757213,0.004486162
31/05/2004,0.018695868,0.001631087,-0.023657471,0.058962611,-0.002305319,0.009080266,0.000844234,0.004727689
30/06/2004,0.026881408,0.021212055,-0.002432078,0.009946389,0.003431989,0.003918612,0.005339712,0.004515064
30/07/2004,0.002720237,-0.028904404,-0.01628117,0.058334947,-0.003115476,0.004291977,0.010200211,0.004628787
31/08/2004,0.011562124,0.001680119,0.045810797,0.013288644,0.001358788,0.014099572,0.019029488,0.004623113
30/09/2004,0.038007339,0.01285337,0.047611975,0.023648963,0.010143158,0.007409318,0.007257771,0.004455386
29/10/2004,0.032599595,0.012323426,0.007050514,0.016019934,0.012828693,0.007170122,0.010125921,0.00456797
30/11/2004,0.045784889,0.033341707,0.051702291,0.030560424,0.026492921,0.011012358,0.004848614,0.004459056
31/12/2004,0.031449053,0.033498307,0.031270727,0.052310451,0.016054009,-0.000194459,0.009482604,0.004566103
31/01/2005,0.014357947,-0.00991255,0.0100308,0.004409267,-0.003369893,0.000660793,0.010035466,0.004553363
28/02/2005,0.021620557,0.024966523,0.070482188,-0.014418851,0.014322626,-0.002619806,-0.001748089,0.003984437
31/03/2005,-0.009738989,-0.01007397,-0.047106847,-0.012705234,-0.001540977,0.001631518,0.003849202,0.004696949
29/04/2005,-0.031476311,-0.022879696,-0.036326463,0.004310709,-0.010362531,0.015723183,0.014674483,0.004963358
31/05/2005,0.03206413,0.035534806,0.044215181,0.007637603,0.001464036,0.010400727,0.011906168,0.004847066
30/06/2005,0.047693017,0.016818302,0.037676145,0.044737007,0.013061717,0.005839572,0.010513129,0.004633782
29/07/2005,0.026485759,0.037586044,0.067109824,0.024428633,0.019230166,0.004569101,-0.003608875,0.004796997
31/08/2005,0.02013745,0.000846074,0.01339919,0.018636933,0.008833487,0.008188758,0.01166052,0.004783798
30/09/2005,0.050921977,0.032869514,0.086848472,0.001192277,0.016261403,-0.006150662,-0.003136119,0.004560877
31/10/2005,-0.038430796,-0.01915697,-0.054882288,-0.018044602,-0.014560192,0.001779397,-0.00511401,0.004774705
30/11/2005,0.044381289,0.042206117,0.073429646,0.034097993,0.014805788,0.007488307,0.005972164,0.004633756
30/12/2005,0.031032569,0.021568279,0.05443272,0.053226012,0.016120801,0.00922707,0.00952244,0.004726806
31/01/2006,0.035567573,0.032140595,0.080980632,-0.01181458,0.032261877,0.00165319,0.0003023,0.004789963
28/02/2006,0.005801944,0.003231958,-0.000532679,0.034559689,0.003377218,0.005710797,0.003657724,0.004305198
31/03/2006,0.04771101,0.024453908,0.014155819,-0.005629503,0.018226938,0.001137619,-0.008581777,0.004740061
28/04/2006,0.026024437,0.009082624,0.052663848,-0.002643734,0.022158725,-0.005582996,-0.002478723,0.004422017
31/05/2006,-0.047359522,-0.043913094,-0.078598822,-0.013615373,-0.012990572,0.003985028,0.003651551,0.004836404
30/06/2006,0.020404466,0.005015247,0.000537714,0.061808605,-0.001055145,0.001734758,0.000367418,0.004804743
31/07/2006,-0.016811841,0.005522334,0.010350557,0.023999326,0.00286302,0.00081308,0.011964383,0.004823342
31/08/2006,0.033428983,0.025589071,0.028370378,0.037147769,0.008536822,0.01056419,0.015505221,0.00522602
29/09/2006,0.01311232,0.018080771,0.01431702,0.038220122,0.00129167,0.008402177,0.007835194,0.005108747
31/10/2006,0.047135789,0.030845183,0.035065456,0.009013275,0.017703244,-0.001852053,0.005963859,0.005064791
30/11/2006,0.023705663,0.011271988,0.065310513,0.052271798,0.020712533,0.007566556,0.009314744,0.005157464
29/12/2006,0.03670533,0.026464931,0.039496584,0.071469681,0.018336988,-0.003035149,-0.00400024,0.005336192
31/01/2007,0.018865865,0.017930804,-0.002856143,0.025655057,0.013284554,0.004678623,0.000393901,0.005483137
28/02/2007,0.016203946,-0.01181402,-0.006811711,-0.006598651,0.0074002,0.011967907,0.013157533,0.004920113
30/03/2007,0.033024537,0.015090187,0.032426649,-0.039248635,0.01235321,-0.002655347,0.000540079,0.005235233
30/04/2007,0.029989026,0.03497548,0.035364104,0.033001931,0.020211911,0.006917762,0.004017721,0.005475045
31/05/2007,0.026426006,0.033718006,0.039135107,0.042322351,0.023084685,0.000486873,-0.00596944,0.005401572
29/06/2007,-0.001131268,-0.009727671,0.046191273,-0.048913874,0.007793895,-0.004504471,-0.002719596,0.005184466
31/07/2007,-0.020418783,-0.030564817,0.048032319,-0.045481794,-4.77384E-05,0.006689796,0.01086024,0.005251969
31/08/2007,0.022216849,-0.000512288,-0.009570523,0.080983222,-0.015300886,0.008580841,0.012799269,0.005307213
28/09/2007,0.055814831,0.02998341,0.083919444,0.021323969,0.027053234,-0.000484659,0.005286886,0.005726315
31/10/2007,0.029420702,0.021432595,0.089531648,-0.00218639,0.031627644,-0.000393439,0.009563074,0.005730106
30/11/2007,-0.0289233,-0.04290045,-0.061613976,-0.062410426,-0.012057289,0.004560959,0.013272893,0.005570632
31/12/2007,-0.026353767,-0.008102177,0.006192697,-0.065759707,0.004654825,-0.001612265,0.003360027,0.006030314
31/01/2008,-0.109970074,-0.084061407,-0.12436644,-0.144238286,-0.014798764,0.012221505,0.018034402,0.0059688
29/02/2008,-0.00666301,-0.017217448,0.061130069,-0.047229575,0.016050538,-0.006160223,0.005994354,0.005413615
31/03/2008,-0.034195726,-0.021286622,-0.042201387,-0.000615398,-0.021093354,0.016030972,0.003046702,0.0066605
30/04/2008,0.045120876,0.061438405,0.072422457,0.042792059,0.005716302,0.000152525,-0.00138885,0.006532195
30/05/2008,0.017103448,0.016000288,0.018515105,-0.086650663,0.019975206,0.001089772,-0.00507684,0.006559153
30/06/2008,-0.075661175,-0.082328213,-0.098784601,-0.102559418,-4.58642E-05,0.002876434,0.000813606,0.006289362
31/07/2008,-0.046946737,-0.018188315,-0.050976398,-0.05213619,-0.026074991,0.017875043,0.011977054,0.006678441
29/08/2008,0.040381012,0.011558676,-0.048369489,0.102511993,-0.014716963,0.021625157,0.01472687,0.006678848
30/09/2008,-0.099392714,-0.107826412,-0.123807283,-0.060210209,-0.065506775,0.012849884,-0.006460999,0.005861301
31/10/2008,-0.128835287,-0.163690868,-0.223147396,-0.240473292,-0.062989105,0.02008008,-0.008069917,0.007143993
28/11/2008,-0.062952638,-0.060735375,-0.039952279,-0.023262812,-0.041458555,0.029602064,0.03045708,0.00544674
31/12/2008,-0.001370572,0.010230776,0.045969189,-0.117013578,-0.000341686,0.012479884,0.025426678,0.004256974
30/01/2009,-0.048398129,-0.070925523,-0.029583707,-0.097229661,0.010937678,0.0140671,-0.006162959,0.004005695
27/02/2009,-0.045598798,-0.089575635,-0.028479122,-0.154927552,-0.008847064,-0.012280591,0.002099945,0.002910092
31/03/2009,0.08069777,0.063599868,0.104609122,-0.006137253,0.006538177,0.001152584,0.010527608,0.002629034
30/04/2009,0.057047612,0.103323783,0.121914782,0.056528858,0.016832354,3.53274E-05,0.006382834,0.002643301
29/05/2009,0.014571351,0.056237872,0.124730653,0.015477963,0.040606599,-0.007194759,0.003845875,0.002514369
30/06/2009,0.039599385,-0.00068041,-0.013586479,0.038284671,0.004297229,-0.006142457,0.011301653,0.00267486
31/07/2009,0.07339224,0.074171173,0.09845206,0.024018369,0.025380711,0.003136366,0.015465094,0.002651018
31/08/2009,0.066386421,0.03722547,0.000480109,0.149502285,0.015266186,0.007164619,0.012632831,0.002530301
30/09/2009,0.062647468,0.030743164,0.062993116,0.094187166,0.030405147,0.007235421,0.010531497,0.002829449
30/10/2009,-0.020710421,-0.022447704,-0.003925976,-0.091577032,0.001263565,-0.000754509,0.004562692,0.002557773
30/11/2009,0.01801739,0.03092493,0.032816246,0.012546701,0.02105758,0.014982147,0.012787834,0.00303544
31/12/2009,0.036887741,0.036930926,0.041775615,0.032210716,0.008821249,-0.003812339,-0.006181507,0.003226107
29/01/2010,-0.061670273,-0.036172919,-0.043940785,-0.027654476,0.00168156,0.013467136,0.013501446,0.003468656
26/02/2010,0.020459434,0.019454957,-0.001686366,0.01367915,0.006810878,0.004960436,0.007645944,0.003452872
31/03/2010,0.057413614,0.065226989,0.062272679,0.000653605,0.02219999,-0.00583291,0.00557548,0.003267918
30/04/2010,-0.013459695,0.002507841,0.001002822,0.039668632,0.012396887,0.005509582,0.008802258,0.003463804
31/05/2010,-0.075400799,-0.075753269,-0.052151761,-0.038354275,-0.027643511,0.016453099,0.01184651,0.003752432
30/06/2010,-0.02646715,-0.041674821,-0.005166921,-0.010739838,-0.008427033,0.013650841,0.012499139,0.003950814
30/07/2010,0.044760682,0.05738122,0.061663338,0.00983361,0.015875289,0.002727474,0.011420378,0.004221351
31/08/2010,-0.010810173,-0.03364085,-0.014135892,0.040099851,0.002349955,0.019206231,0.020825129,0.004059848
30/09/2010,0.047877357,0.069510766,0.077255484,-0.009546448,0.03432269,-0.009024586,0.001977777,0.003714872
29/10/2010,0.018352491,0.028493903,0.023126087,-0.002198653,0.01922118,4.65935E-06,0.002895299,0.004199227
30/11/2010,-0.0096835,-0.003290933,-0.010685942,-0.02259361,-0.001845839,-0.002197916,-0.007450036,0.003887162
31/12/2010,0.037732121,0.056555906,0.044668339,0.014225158,0.029031036,0.000265683,-0.000191325,0.00424178
31/01/2011,0.00105352,0.01938796,-0.021193334,0.024505737,0.006885203,0.009201634,0.000865175,0.004284288
28/02/2011,0.023318664,0.029231092,-0.013986541,0.030436144,0.013826768,0.004241683,0.005312703,0.003709876
31/03/2011,0.006680978,-0.012745104,0.042918874,-0.019165042,0.001230195,0.00682836,0.003355153,0.004187934
29/04/2011,-0.003177607,0.022675809,0.008048911,0.00126988,0.018027751,0.004789398,0.012391652,0.004026488
31/05/2011,-0.02017661,-0.012725939,-0.015926628,0.000528445,-0.009572166,0.012839231,0.013846732,0.004164875
30/06/2011,-0.019755834,-0.015851057,-0.018933212,-0.008277121,-0.013614589,0.005514092,0.002243039,0.004041894
29/07/2011,-0.038308999,-0.027254119,-0.00958302,-0.066016419,0.006879952,0.01673646,0.014943166,0.004182315
31/08/2011,-0.019785111,-0.067656906,-0.073291065,0.032021831,-0.022995071,0.019912789,0.016796395,0.004262227
30/09/2011,-0.06275386,-0.060615617,-0.074202555,-0.045188687,-0.032002425,0.009001716,0.010508791,0.003868318
31/10/2011,0.072314934,0.08548595,0.090589585,0.035762115,0.017290744,-0.005715542,0.003407703,0.004201323
30/11/2011,-0.034387238,-0.012824951,-0.038520114,0.026178846,-0.007871765,0.017331882,-0.001997491,0.003923502
30/12/2011,-0.014389531,0.005868209,-0.000177943,-0.026047662,-0.002171938,0.007793623,0.018972928,0.004032169
31/01/2012,0.051319013,0.043267798,0.074162791,0.056387405,0.023365835,0.001358222,0.013340156,0.003893638
29/02/2012,0.020354931,0.047295408,0.045316638,0.022141756,0.016104178,-0.002120814,0.006828589,0.003324543
30/03/2012,0.012174027,0.017628571,-0.01417439,-0.005850029,0.000491275,0.008615123,0.001973809,0.00390461
30/04/2012,0.013031325,-0.015327934,-0.005706469,0.056084569,-0.000384287,0.015939928,0.009602908,0.003783103
31/05/2012,-0.06737364,-0.067649066,-0.067128985,-0.013003571,-0.013305711,0.030965636,0.014599072,0.003809699
29/06/2012,0.005355345,0.042831414,0.021423335,0.041965528,-0.004004416,-0.001630479,0.001396154,0.002837831
31/07/2012,0.041993368,0.013468909,0.017535367,0.05489914,0.014213066,0.003715713,0.016181935,0.002924897
31/08/2012,0.021368948,0.020029758,-0.001861938,-2.59723E-05,0.00839976,0.006275551,0.005438128,0.002991146
28/09/2012,0.021814109,0.021495779,0.042742839,0.0113567,0.01041224,0.009730072,0.006742719,0.003132102
31/10/2012,0.02918366,-0.004612595,-0.002624313,0.052666046,-0.001787592,0.000181546,0.00575405,0.002965802
30/11/2012,0.003917763,0.014697327,0.016055964,-0.013899901,0.006425787,7.77143E-05,0.007407797,0.002543368
31/12/2012,0.033331052,0.019128279,0.039404513,0.023565213,0.014821017,0.001819154,0.003430316,0.002875154
31/01/2013,0.049797435,0.053730187,0.013809048,0.044836817,0.02066917,-0.002258977,-0.0030674,0.002684354
28/02/2013,0.052915622,0.014745012,-0.009751394,0.034549966,0.002384802,0.005941945,0.008289901,0.002245654
29/03/2013,-0.022538204,0.026757075,-0.008826408,-0.028566158,0.012117424,-0.002027424,0.007467332,0.002463143
30/04/2013,0.042964026,0.027868907,-0.000874711,0.082688335,0.013864818,0.015420594,0.013257489,0.002613846
31/05/2013,-0.045376181,0.014370476,0.007962071,-0.036589385,0.004185087,-0.000745097,-0.013092329,0.002568745
28/06/2013,-0.024028449,-0.024187918,-0.050926548,-0.009092012,-0.016553181,-0.010463297,-0.012397234,0.002299354
31/07/2013,0.052970142,0.047328269,0.014569255,-0.008290184,0.008813816,0.008554985,0.006293264,0.002531603
30/08/2013,0.025129524,-0.020620671,-0.000984733,-0.000190881,-0.005423528,-0.003206624,-0.001659045,0.002313747
30/09/2013,0.02162079,0.037326519,0.042198972,0.010674558,0.012730518,0.005007388,0.00977323,0.002110326
31/10/2013,0.039346305,0.03957923,0.040160164,0.0251739,0.015938283,-0.000561969,0.011073017,0.002179664
29/11/2013,-0.013575755,0.021712298,-0.000374688,-0.028506549,0.013086382,-0.000987269,0.000505222,0.002131805
31/12/2013,0.00823487,0.020881272,-0.00981717,-0.015597543,0.011947113,0.005251812,-0.003554811,0.002147706
31/01/2014,-0.02995524,-0.03241933,-0.044492292,0.005547905,-0.002857519,0.010874826,0.016740256,0.002242576
28/02/2014,0.049163991,0.042120335,0.02161532,0.042763269,0.017156539,0.003413209,0.006713541,0.001993163
31/03/2014,0.002094461,0.001861178,0.018969567,-0.016413555,-0.004837723,0.000189662,0.003078134,0.002179805
30/04/2014,0.016835644,0.007288228,-0.001742866,0.05733737,-0.002067424,0.009067177,0.008992909,0.002214477
30/05/2014,0.006452074,0.022491295,0.02856345,0.00043133,0.011310401,0.013728109,0.011738633,0.002248628
30/06/2014,-0.014468434,0.013812165,0.023948081,0.034205838,0.009578297,0.008045413,0.005460135,0.002202148
31/07/2014,0.044123672,-0.007834653,0.029739906,0.050533411,-0.003089354,0.002912055,0.00460551,0.002299183
29/08/2014,0.006423595,0.026413531,0.019860017,0.016317886,0.00878335,0.010141715,0.014261154,0.002266145
30/09/2014,-0.053674069,-0.009948638,-0.042498727,-0.052091076,-0.000109063,-0.003329993,-0.001142812,0.00207374
31/10/2014,0.042654417,0.011377156,0.01420422,0.067867015,-0.007998837,0.009566539,0.009538949,0.002311461
28/11/2014,-0.032422977,0.028884808,0.011265268,-0.001784619,0.014972145,0.012676389,0.011728333,0.002248759
31/12/2014,0.020402525,-0.007771839,-0.02486609,0.046017468,0.000126388,0.016851447,0.00750972,0.002318118
30/01/2015,0.032235899,-0.00546895,0.014204721,0.077553055,0.008069757,0.016103642,0.021772527,0.002514267
27/02/2015,0.069222284,0.058938953,0.03285796,0.036948153,0.010566092,0.002798175,-0.00406052,0.002089733
31/03/2015,-0.000517375,-0.004308328,0.001422553,-0.02114794,0.005989828,0.007597038,0.007842364,0.00205287
30/04/2015,-0.016474947,0.010413134,0.056779763,-0.012240978,0.00021139,-0.011079882,-0.003544238,0.001797223
29/05/2015,0.004287145,0.012676782,-0.025136696,0.031076449,0.008260096,0.000361744,-0.002600923,0.002002633
30/06/2015,-0.053152587,-0.029415306,-0.022568896,-0.042606496,-0.01313583,-0.009256699,-0.010677059,0.001758949
31/07/2015,0.043134149,0.024938859,-0.043573472,0.05724028,0.008726282,0.013000126,0.012109177,0.001803621
31/08/2015,-0.076977349,-0.066538112,-0.064901233,-0.041343129,-0.01988103,0.006370799,-0.000985148,0.001809436
30/09/2015,-0.028578776,-0.035493693,-0.017110589,-0.003178969,-0.014089802,0.002500228,0.007530874,0.001761852
30/10/2015,0.044204664,0.078740742,0.054244963,0.050290407,0.005266121,0.002991766,0.004910468,0.001891078
30/11/2015,-0.006816558,0.006406706,-0.026875626,-0.028834052,0.002041222,-0.00875928,0.002037108,0.001667044
31/12/2015,0.027280748,-0.021574593,-0.010709266,0.037502481,-0.00849077,0.003328333,-0.000957733,0.001915502
29/01/2016,-0.054497287,-0.0541461,-0.052235829,0.013154967,-0.014108834,0.012222081,0.016516912,0.002010061
29/02/2016,-0.017247141,-0.015335762,0.000646809,0.030198769,-0.010843707,0.010343394,0.010917522,0.001778832
31/03/2016,0.047761546,0.052654698,0.083271559,0.023666249,0.002852509,-0.002131885,0.00924746,0.001980637
29/04/2016,0.033397645,0.008588477,-0.000774293,0.027236558,0.003383529,0.002587193,0.003080527,0.001989492
31/05/2016,0.031363232,0.017612128,-0.008056987,0.025977352,0.003575928,0.012560537,0.005662268,0.001935106
30/06/2016,-0.024422295,-0.013158356,0.015927127,0.036565074,-0.001015416,0.013268511,0.01975972,0.001648413
29/07/2016,0.06359227,0.041197529,0.042366923,0.054203732,0.011458141,0.007353786,0.007020853,0.001730152
31/08/2016,-0.015568544,0.004207264,0.027594422,-0.027465834,0.004659236,0.004218323,0.00054255,0.001689272
30/09/2016,0.005143423,0.001949283,0.004425808,-0.042959194,0.001236701,-0.002248139,0.000704754,0.001415932
31/10/2016,-0.021747938,-0.006691599,0.00613517,-0.077123381,-0.001780103,-0.012763934,-0.009039755,0.001461204
30/11/2016,0.028049528,0.026340821,-0.021792919,0.007570945,0.003639341,-0.014399445,-0.016258339,0.001445476
30/12/2016,0.043404401,0.027760819,0.001396843,0.06966447,0.009627414,-0.00171563,0.00355408,0.001451317
31/01/2017,-0.007746822,0.012872112,0.039720134,-0.050279617,0.007003556,0.006119101,-0.00257078,0.001569961
28/02/2017,0.021831326,0.03096529,0.016822334,0.040778626,0.009665454,0.001719971,0.009147521,0.001344434
31/03/2017,0.03275264,0.009639199,0.019325485,0.006156897,0.003938677,0.004411182,0.000252605,0.001501519
28/04/2017,0.009827563,0.011524789,0.023253852,0.026299559,0.004310269,0.00751432,0.007406379,0.001485058
31/05/2017,-0.027431483,0.014820723,0.024617841,-0.011156023,0.00818064,0.01165341,0.006418545,0.001487434
30/06/2017,0.002205322,0.00022655,0.016389195,-0.049805971,-0.004882456,-0.008977604,-0.002163341,0.001433035
31/07/2017,0.000140564,0.014316193,0.048892305,0.000907554,0.013654142,0.002479124,0.003652579,0.001457462
31/08/2017,0.007493561,0.001480552,0.021086256,0.008713905,0.005873842,-5.89045E-05,0.009570695,0.001420817
29/09/2017,0.000352627,0.02320498,0.004439211,0.006578947,-0.001524103,-0.003113929,-0.004330935,0.001416115
31/10/2017,0.040153528,0.025419269,0.038914669,0.021063401,0.012811717,0.010946793,0.004652466,0.001468039
30/11/2017,0.016934499,0.015734017,-0.008226449,0.051463752,0.000999103,0.008695304,0.00188684,0.001332325
29/12/2017,0.01858839,0.01103173,0.025629724,0.004492999,0.00908445,-0.005202163,0.002389996,0.001433064
31/01/2018,-0.003911134,0.037655408,0.067683835,-0.030899536,0.02712535,-0.002676603,-0.006850518,0.001558502
28/02/2018,0.003381364,-0.035311409,-0.038696149,-0.032971358,-0.021234923,0.002932019,-0.002307965,0.001337854
30/03/2018,-0.037255784,-0.023093274,-0.018713506,0.000507902,-0.000633692,0.008423,0.008356426,0.001382872
30/04/2018,0.037784634,0.019407783,0.011649342,0.045750566,0.000517287,-0.00346698,-0.003832657,0.001640619
31/05/2018,0.011933706,0.012712168,-0.022151793,0.030226658,0.00275188,0.006859828,0.003683349,0.001726683
29/06/2018,0.031876085,0.003293658,-0.024648398,0.019544815,-0.002295256,0.004771999,0.001660592,0.001513912
31/07/2018,0.013058057,0.031457048,0.016947167,0.009034276,0.00360084,0.001595099,0.000178408,0.001902861
31/08/2018,0.014032746,0.013389377,-0.005498765,0.03565356,0.001245806,0.008111151,0.002926546,0.001674212
28/09/2018,-0.011936358,0.007276822,-0.011602785,-0.018392922,0.001028585,-0.004248912,-0.003797029,0.001578123
31/10/2018,-0.06156051,-0.068040597,-0.077776709,-0.024387835,-0.025721341,0.004843849,-0.00227121,0.00168082
30/11/2018,-0.021762142,0.011500905,0.029671317,0.001695387,-0.005868644,0.002428475,0.004491152,0.001545546
31/12/2018,-0.002266159,-0.07863472,-0.025070623,0.023426843,-0.011909243,0.015033547,0.014326825,0.001522343
31/01/2019,0.038677661,0.072410204,0.071641746,0.057777216,0.017698196,0.006399791,0.009651219,0.001803045
28/02/2019,0.060084143,0.033375255,0.010968731,0.022833275,0.010788184,0.009374665,0.000684947,0.00173009
29/03/2019,0.007331288,0.016125995,0.013716017,0.059077,0.010908724,0.018215952,0.017401465,0.001653873
30/04/2019,0.02461612,0.037652765,0.025616153,-0.029449858,0.013588676,0.002843381,-1.47797E-05,0.001636823
31/05/2019,0.017456928,-0.056970553,-0.066032895,0.030704139,-0.010005586,0.01700959,0.013780777,0.001509572
28/06/2019,0.036438346,0.058960551,0.046056447,0.04631945,0.019981081,0.010404822,0.012904348,0.001324375
31/07/2019,0.029695845,0.011842712,-0.009867868,0.023963572,0.007191552,0.00949207,0.006893408,0.00119823
30/08/2019,-0.022718102,-0.01949852,-0.025294314,0.003522348,-0.001373116,0.01511812,0.022032918,0.000835895
30/09/2019,0.019079051,0.023386546,0.014704993,-0.034178534,-0.003170598,-0.004874532,-0.005554525,0.000845517
31/10/2019,-0.003790496,0.018782716,0.029958319,0.014122038,0.003424102,-0.004900048,-0.002809184,0.000807386
29/11/2019,0.03181257,0.031508941,0.005842231,0.025386731,0.00467388,0.008219615,-0.002007511,0.000822113
31/12/2019,-0.020247997,0.022750521,0.057357149,-0.038991923,0.016129552,-0.016431129,-0.002833128,0.000721953
31/01/2020,0.048875188,-0.002515738,-0.032911328,0.051489165,0.001615867,0.02327961,0.018127034,0.000815497
28/02/2020,-0.077643612,-0.080963362,-0.038349791,-0.066122634,-0.019912694,0.008596859,0.012121955,0.000753946
31/03/2020,-0.208291471,-0.128378064,-0.129611532,-0.388452151,-0.072829086,-0.002138205,-0.017201367,0.000993448
30/04/2020,0.090223149,0.105105858,0.087964418,0.159276057,0.024280294,-0.000692675,0.015025409,0.00047471
29/05/2020,0.045829281,0.047219124,0.006346593,0.025903183,0.024860236,0.002853842,0.002682094,8.90348E-05
30/06/2020,0.024328379,0.023631032,0.06627945,-0.013321905,0.011639475,0.003093998,0.004817238,7.49929E-05
31/07/2020,0.006025392,0.033918273,0.081166385,-0.049137182,0.026387387,0.003720682,0.010307181,9.08702E-05
31/08/2020,0.030492978,0.062685698,0.021739607,0.077195251,0.017229816,-0.004220282,-0.007124623,9.29392E-05
30/09/2020,-0.03594778,-0.028908006,-0.016491593,-0.012161288,-0.009308824,0.010754819,0.003650627,7.16699E-05
31/10/2020,0.018875429,-0.030527498,0.014927513,-0.018557459,-0.004658533,0.002785889,-1.54048E-05,0.00011136
30/11/2020,0.102281268,0.119726259,0.077744268,0.197023445,0.029896842,-0.001087349,0.005303869,7.02276E-05
31/12/2020,0.013196386,0.035066843,0.060660549,-0.010457472,0.037808761,-0.002721238,0.002561775,2.565E-05
31/01/2021,0.003317375,-0.007722464,0.038054094,-0.0300266,-0.002249032,-0.004192817,-0.005718247,1.23602E-05
28/02/2021,0.014760429,0.026472949,0.010330744,-0.00063235,0.023347117,-0.035808856,-0.015587741,-4.55976E-06
31/03/2021,0.022963663,0.042091325,-0.008711134,0.050939601,0.007337389,0.008003591,-0.004162108,2.02679E-05
30/04/2021,0.036973984,0.040437661,0.016033874,0.017245299,0.025920992,0.005621613,0.00242782,2.88946E-05
31/05/2021,0.02308145,0.010319357,0.013481566,0.010001449,0.011009796,0.002650036,0.002091592,3.93576E-05
30/06/2021,0.022536632,0.023420533,0.008338206,0.034781023,-0.006743361,0.006881364,0.004866828,2.61468E-05
31/07/2021,0.011058328,0.017143442,-0.061051869,-0.029038102,0.002839352,0.017606739,0.012537638,2.99317E-05
31/08/2021,0.026089571,0.026731981,0.02260513,0.076034007,0.009236807,0.000912167,-0.002172334,1.52558E-05
30/09/2021,-0.01886966,-0.036871561,-0.02820335,0.003647697,-0.000180546,-0.015149115,-0.0097294,5.50012E-06
31/10/2021,0.000995849,0.055045773,0.008918212,0.005262911,0.012779375,-0.035549135,-0.002619511,-1.05812E-05
30/11/2021,-0.005315803,-0.014674612,-0.032215423,0.001269095,-0.022095431,0.020812603,0.007401146,5.54682E-05
31/12/2021,0.026506744,0.039970035,0.014845724,0.036688658,0.019158485,0.000915146,-0.004405154,3.62854E-05
31/01/2022,-0.064543328,-0.049318275,-0.017905811,-0.075119094,-0.00656428,-0.010198576,-0.016374658,5.02106E-05
28/02/2022,0.020868933,-0.026507954,-0.023825023,0.04225899,0.003657067,-0.012100464,-0.012982516,5.0883E-05
31/03/2022,0.068972921,0.031073969,-0.020627255,0.009982304,0.024346818,-0.037474803,-0.021280738,3.38146E-05
30/04/2022,-0.008364057,-0.068950374,-0.035202697,-0.006411891,0.003853565,-0.014876334,-0.028826317,-0.000159749
31/05/2022,-0.027595995,-0.002339435,-0.001686331,-0.056032059,-0.006281626,-0.008858155,-0.001935327,0.000348551
30/06/2022,-0.089663636,-0.077741264,-0.045551283,-0.088340081,-0.020571351,-0.014797487,-0.016412386,0.000502503
31/07/2022,0.059544932,0.079752184,0.001107097,0.100966846,0,0.03356613,0.024890483,0.001227143
